[{"id":"user-image-9341371.png","publicUrl":"np://user.desktop.nicepage.com/Site_54846671/images/9341371.png","size":3593,"hash":"71Q8X2UcMl2Z0JYetM4z2Zl6Pg8=","fileName":"9341371.png","name":"9341371","width":128,"height":128,"thumbnail":{"url":"np://user.desktop.nicepage.com/Site_54846671/images/thumbnails/9341371.png","width":128,"height":128,"length":3593,"type":"png"},"folderId":null,"usages":["250205520"]},{"id":"user-image-9409819.png","publicUrl":"np://user.desktop.nicepage.com/Site_54846671/images/9409819.png","size":3247,"hash":"Cc303SUYMSYrWHowMes72jktP4o=","fileName":"9409819.png","name":"9409819","width":128,"height":128,"thumbnail":{"url":"np://user.desktop.nicepage.com/Site_54846671/images/thumbnails/9409819.png","width":128,"height":128,"length":3247,"type":"png"},"folderId":null,"usages":["250205520"]},{"id":"user-image-9494553.png","publicUrl":"np://user.desktop.nicepage.com/Site_54846671/images/9494553.png","size":4341,"hash":"WGEF1GCAOsTRU9XKLc2qLbycW1E=","fileName":"9494553.png","name":"9494553","width":128,"height":128,"thumbnail":{"url":"np://user.desktop.nicepage.com/Site_54846671/images/thumbnails/9494553.png","width":128,"height":128,"length":4341,"type":"png"},"folderId":null,"usages":["250205520"]},{"id":"user-image-11939399.png","publicUrl":"np://user.desktop.nicepage.com/Site_54846671/images/11939399.png","size":5121,"hash":"0RzdSlj/YpTjOTvQoxWLZaWSxUI=","fileName":"11939399.png","name":"11939399","width":128,"height":128,"thumbnail":{"url":"np://user.desktop.nicepage.com/Site_54846671/images/thumbnails/11939399.png","width":128,"height":128,"length":5121,"type":"png"},"folderId":null,"usages":["250205520"]},{"id":"user-image-bg1.jpg","publicUrl":"np://user.desktop.nicepage.com/Site_54846671/images/bg1.jpg","size":90469,"hash":"uwvgjrvk4x8Po8cUUnJe9x2SdxA=","fileName":"bg1.jpg","name":"bg1","width":2504,"height":1408,"thumbnail":{"url":"np://user.desktop.nicepage.com/Site_54846671/images/thumbnails/bg1.jpg","width":250,"height":141},"folderId":null,"usages":["23048560","64904303"]}]