[{"id":805416673,"title":"Blog Template","order":1,"templateKey":"blog","customTemplate":false,"customTemplateFilename":null,"pageLinks":[],"dateCreated":"2024-06-03T10:27:51.690Z","dateUpdated":"2024-06-03T10:27:57.190Z","folderId":null,"pageName":"Blog Template","serverPageId":null,"sectionCount":1,"status":2,"backwardUrl":null},{"id":2693121382,"title":"Post Template","order":2,"templateKey":"post","customTemplate":false,"customTemplateFilename":null,"pageLinks":[],"dateCreated":"2024-06-03T10:27:52.281Z","dateUpdated":"2024-06-03T10:27:57.191Z","folderId":null,"pageName":"Post Template","serverPageId":null,"sectionCount":1,"status":2,"backwardUrl":null},{"id":1474715733,"title":"Product List Template","order":3,"templateKey":"products","customTemplate":false,"customTemplateFilename":null,"pageLinks":[],"dateCreated":"2024-06-03T10:27:52.889Z","dateUpdated":"2024-06-03T10:27:57.192Z","folderId":null,"pageName":"Product List Template","serverPageId":null,"sectionCount":1,"status":2,"backwardUrl":null},{"id":170969867,"title":"Product Details Template","order":4,"templateKey":"product","customTemplate":false,"customTemplateFilename":null,"pageLinks":[],"dateCreated":"2024-06-03T10:27:53.444Z","dateUpdated":"2024-06-03T10:27:57.193Z","folderId":null,"pageName":"Product Details Template","serverPageId":null,"sectionCount":1,"status":2,"backwardUrl":null},{"id":517026433,"title":"Shopping Cart Template","order":5,"templateKey":"cart","customTemplate":false,"customTemplateFilename":null,"pageLinks":[],"dateCreated":"2024-06-03T10:27:53.906Z","dateUpdated":"2024-06-03T10:27:57.193Z","folderId":null,"pageName":"Shopping Cart Template","serverPageId":null,"sectionCount":1,"status":2,"backwardUrl":null},{"id":207116716,"title":"Checkout Template","order":6,"templateKey":"checkout","customTemplate":false,"customTemplateFilename":null,"pageLinks":[],"dateCreated":"2024-06-03T10:27:54.541Z","dateUpdated":"2024-06-03T10:27:57.193Z","folderId":null,"pageName":"Checkout Template","serverPageId":null,"sectionCount":1,"status":2,"backwardUrl":null},{"id":23048560,"title":"Login Template","order":7,"templateKey":"login","customTemplate":false,"customTemplateFilename":null,"pageLinks":[],"dateCreated":"2024-06-03T10:27:54.918Z","dateUpdated":"2024-06-03T16:38:50.062Z","folderId":null,"pageName":"Login Template","serverPageId":null,"sectionCount":1,"status":2,"backwardUrl":null},{"id":2980014144,"title":"Page Password Template","order":8,"templateKey":"password","customTemplate":false,"customTemplateFilename":null,"pageLinks":[],"dateCreated":"2024-06-03T10:27:55.195Z","dateUpdated":"2024-06-03T10:27:57.194Z","folderId":null,"pageName":"Page Password Template","serverPageId":null,"sectionCount":1,"status":2,"backwardUrl":null},{"id":6064427,"title":"404 Not Found Template","order":9,"templateKey":"404","customTemplate":false,"customTemplateFilename":null,"pageLinks":[],"dateCreated":"2024-06-03T10:27:55.453Z","dateUpdated":"2024-06-03T10:27:57.195Z","folderId":null,"pageName":"404 Not Found Template","serverPageId":null,"sectionCount":1,"status":2,"backwardUrl":null},{"id":1039118362,"title":"Thank You Page Template","order":10,"templateKey":"ThankYou","customTemplate":false,"customTemplateFilename":null,"pageLinks":[],"dateCreated":"2024-06-03T10:27:55.686Z","dateUpdated":"2024-06-03T10:27:57.195Z","folderId":null,"pageName":"Thank You Page Template","serverPageId":null,"sectionCount":1,"status":2,"backwardUrl":null},{"id":64904303,"title":"Awal","order":50,"templateKey":null,"customTemplate":false,"customTemplateFilename":null,"pageLinks":[],"dateCreated":"2024-06-03T10:27:58.922Z","dateUpdated":"2024-06-03T17:59:23.125Z","folderId":null,"pageName":"Awal_64904303","serverPageId":null,"sectionCount":1,"status":2,"backwardUrl":null},{"id":250205520,"title":"Homepage","order":102,"templateKey":null,"customTemplate":false,"customTemplateFilename":null,"pageLinks":[],"dateCreated":"2024-06-03T10:28:56.212Z","dateUpdated":"2024-06-06T09:57:39.178Z","folderId":null,"pageName":"Homepage_250205520","serverPageId":null,"sectionCount":1,"status":2,"backwardUrl":null},{"id":207728337,"title":"tambah_dokter","order":103,"templateKey":null,"customTemplate":false,"customTemplateFilename":null,"pageLinks":[],"dateCreated":"2024-06-03T16:42:01.573Z","dateUpdated":"2024-06-03T17:58:01.775Z","folderId":null,"pageName":"tambah_dokter_207728337","serverPageId":null,"sectionCount":1,"status":2,"backwardUrl":null},{"id":1150230874,"title":"data_dokter","order":104,"templateKey":null,"customTemplate":false,"customTemplateFilename":null,"pageLinks":[],"dateCreated":"2024-06-03T17:50:09.989Z","dateUpdated":"2024-06-06T10:04:01.326Z","folderId":null,"pageName":"data_dokter_1150230874","serverPageId":null,"sectionCount":1,"status":2,"backwardUrl":null},{"id":78401581,"title":"Tambah_pasien","order":105,"templateKey":null,"customTemplate":false,"customTemplateFilename":null,"pageLinks":[],"dateCreated":"2024-06-03T18:00:20.969Z","dateUpdated":"2024-06-06T10:02:48.206Z","folderId":null,"pageName":"Tambah_pasien_78401581","serverPageId":null,"sectionCount":1,"status":2,"backwardUrl":null},{"id":89466338,"title":"data_pasien","order":106,"templateKey":null,"customTemplate":false,"customTemplateFilename":null,"pageLinks":[],"dateCreated":"2024-06-06T09:58:00.044Z","dateUpdated":"2024-06-06T09:58:43.405Z","folderId":null,"pageName":"data_pasien_89466338","serverPageId":null,"sectionCount":1,"status":2,"backwardUrl":null}]